<?xml version="1.0" encoding="UTF-8"?>
<project-private xmlns="http://www.netbeans.org/ns/project-private/1">
    <editor-bookmarks xmlns="http://www.netbeans.org/ns/editor-bookmarks/2" lastBookmarkId="0"/>
    <open-files xmlns="http://www.netbeans.org/ns/projectui-open-files/2">
        <group>
            <file>file:/C:/xampp/htdocs/giveadinnerparty/resources/views/user/events/event_detail_host.blade.php</file>
            <file>file:/C:/xampp/htdocs/giveadinnerparty/resources/views/user/events/event_detail_guest.blade.php</file>
            <file>file:/C:/xampp/htdocs/giveadinnerparty/resources/views/user/my-events.blade.php</file>
            <file>file:/C:/xampp/htdocs/giveadinnerparty/resources/views/user/your_hosting.blade.php</file>
            <file>file:/C:/xampp/htdocs/giveadinnerparty/app/Http/Controllers/userController.php</file>
            <file>file:/C:/xampp/htdocs/giveadinnerparty/routes/web.php</file>
        </group>
    </open-files>
</project-private>
